,,,,,,
dl-cats,ekab,6,compilation,0.1372840405,,
dl-cats,ekab,7,compilation,0.1386067867,,
dl-cats,ekab,8,compilation,0.1471779346,,
dl-cats,ekab,9,compilation,0.1442520618,,
dl-cats,ekab,10,compilation,0.1489300728,,
dl-cats,ekab,11,compilation,0.1511878967,,
dl-cats,ekab,12,compilation,0.147797823,,
dl-cats,ekab,13,compilation,0.148911953,,
dl-cats,ekab,14,compilation,0.1619739532,,
dl-cats,ekab,15,compilation,0.1660699844,,
dl-cats,ekab,16,compilation,0.1568419933,,
dl-cats,ekab,17,compilation,0.159856081,,
dl-cats,ekab,18,compilation,0.1630871296,,
dl-cats,ekab,19,compilation,0.1733520031,,
dl-cats,ekab,20,compilation,0.1676650047,,
dl-cats,ekab,21,compilation,0.1769750118,,
dl-cats,ekab,22,compilation,0.1744458675,,
dl-cats,ekab,23,compilation,0.1701078415,,
dl-cats,ekab,24,compilation,0.1776988506,,
dl-cats,ekab,25,compilation,0.1783030033,,
dl-cats,ekab,6,preprocessing ,0.02,,
dl-cats,ekab,7,preprocessing ,0.031,,
dl-cats,ekab,8,preprocessing ,0.037,,
dl-cats,ekab,9,preprocessing ,0.051,,
dl-cats,ekab,10,preprocessing ,0.111,,
dl-cats,ekab,11,preprocessing ,0.129,,
dl-cats,ekab,12,preprocessing ,0.22,,
dl-cats,ekab,13,preprocessing ,0.228,,
dl-cats,ekab,14,preprocessing ,1.727,,
dl-cats,ekab,15,preprocessing ,5.723,,
dl-cats,ekab,16,preprocessing ,6.261,,
dl-cats,ekab,17,preprocessing ,142.534,,
dl-cats,ekab,18,preprocessing ,136.181,,
dl-cats,ekab,19,preprocessing ,595.164,,
dl-cats,ekab,20,preprocessing ,,,
dl-cats,ekab,21,preprocessing ,,,
dl-cats,ekab,22,preprocessing ,,,
dl-cats,ekab,23,preprocessing ,,,
dl-cats,ekab,24,preprocessing ,,,
dl-cats,ekab,25,preprocessing ,,,
dl-cats,ekab,6,solving,0.00247508,,
dl-cats,ekab,7,solving,0.00300067,,
dl-cats,ekab,8,solving,0.00286609,,
dl-cats,ekab,9,solving,0.00297511,,
dl-cats,ekab,10,solving,0.00333035,,
dl-cats,ekab,11,solving,0.00348219,,
dl-cats,ekab,12,solving,0.00373985,,
dl-cats,ekab,13,solving,0.00384192,,
dl-cats,ekab,14,solving,0.00432534,,
dl-cats,ekab,15,solving,0.00462768,,
dl-cats,ekab,16,solving,0.0047788,,
dl-cats,ekab,17,solving,0.00552023,,
dl-cats,ekab,18,solving,0.00584497,,
dl-cats,ekab,19,solving,0.00642678,,
dl-cats,ekab,20,solving,,,
dl-cats,ekab,21,solving,,,
dl-cats,ekab,22,solving,,,
dl-cats,ekab,23,solving,,,
dl-cats,ekab,24,solving,,,
dl-cats,ekab,25,solving,,,
dl-cats,ekab+KR,6,compilation,0.1482840405,,
dl-cats,ekab+KR,7,compilation,0.1516067867,,
dl-cats,ekab+KR,8,compilation,0.1631779346,,
dl-cats,ekab+KR,9,compilation,0.1672520618,,
dl-cats,ekab+KR,10,compilation,0.1689300728,,
dl-cats,ekab+KR,11,compilation,0.1741878967,,
dl-cats,ekab+KR,12,compilation,0.181797823,,
dl-cats,ekab+KR,13,compilation,0.180911953,,
dl-cats,ekab+KR,14,compilation,0.2009739532,,
dl-cats,ekab+KR,15,compilation,0.2180699844,,
dl-cats,ekab+KR,16,compilation,0.2098419933,,
dl-cats,ekab+KR,17,compilation,0.218856081,,
dl-cats,ekab+KR,18,compilation,0.2390871296,,
dl-cats,ekab+KR,19,compilation,0.2623520031,,
dl-cats,ekab+KR,20,compilation,0.2546650047,,
dl-cats,ekab+KR,21,compilation,0.2819750118,,
dl-cats,ekab+KR,22,compilation,0.2994458675,,
dl-cats,ekab+KR,23,compilation,0.3021078415,,
dl-cats,ekab+KR,24,compilation,0.3286988506,,
dl-cats,ekab+KR,25,compilation,0.3463030033,,
dl-cats,ekab+KR,6,preprocessing ,0.026,,
dl-cats,ekab+KR,7,preprocessing ,0.041,,
dl-cats,ekab+KR,8,preprocessing ,0.042,,
dl-cats,ekab+KR,9,preprocessing ,0.052,,
dl-cats,ekab+KR,10,preprocessing ,0.072,,
dl-cats,ekab+KR,11,preprocessing ,0.092,,
dl-cats,ekab+KR,12,preprocessing ,0.105,,
dl-cats,ekab+KR,13,preprocessing ,0.115,,
dl-cats,ekab+KR,14,preprocessing ,0.137,,
dl-cats,ekab+KR,15,preprocessing ,0.221,,
dl-cats,ekab+KR,16,preprocessing ,0.165,,
dl-cats,ekab+KR,17,preprocessing ,0.197,,
dl-cats,ekab+KR,18,preprocessing ,0.288,,
dl-cats,ekab+KR,19,preprocessing ,0.242,,
dl-cats,ekab+KR,20,preprocessing ,0.285,,
dl-cats,ekab+KR,21,preprocessing ,0.31,,
dl-cats,ekab+KR,22,preprocessing ,0.358,,
dl-cats,ekab+KR,23,preprocessing ,0.478,,
dl-cats,ekab+KR,24,preprocessing ,0.514,,
dl-cats,ekab+KR,25,preprocessing ,0.54,,
dl-cats,ekab+KR,6,solving,0.00261912,,
dl-cats,ekab+KR,7,solving,0.00322683,,
dl-cats,ekab+KR,8,solving,0.00290439,,
dl-cats,ekab+KR,9,solving,0.00346084,,
dl-cats,ekab+KR,10,solving,0.00371538,,
dl-cats,ekab+KR,11,solving,0.00385575,,
dl-cats,ekab+KR,12,solving,0.00433929,,
dl-cats,ekab+KR,13,solving,0.00435207,,
dl-cats,ekab+KR,14,solving,0.00511308,,
dl-cats,ekab+KR,15,solving,0.00655173,,
dl-cats,ekab+KR,16,solving,0.00554065,,
dl-cats,ekab+KR,17,solving,0.00642449,,
dl-cats,ekab+KR,18,solving,0.00685208,,
dl-cats,ekab+KR,19,solving,0.00777044,,
dl-cats,ekab+KR,20,solving,0.00883572,,
dl-cats,ekab+KR,21,solving,0.00921715,,
dl-cats,ekab+KR,22,solving,0.0153957,,
dl-cats,ekab+KR,23,solving,0.0101425,,
dl-cats,ekab+KR,24,solving,0.0118082,,
dl-cats,ekab+KR,25,solving,0.0127928,,
dl-cats,clipper,6,compilation,0.608,,
dl-cats,clipper,7,compilation,0.731,,
dl-cats,clipper,8,compilation,0.624,,
dl-cats,clipper,9,compilation,0.664,,
dl-cats,clipper,10,compilation,0.626,,
dl-cats,clipper,11,compilation,0.663,,
dl-cats,clipper,12,compilation,0.705,,
dl-cats,clipper,13,compilation,0.616,,
dl-cats,clipper,14,compilation,0.634,,
dl-cats,clipper,15,compilation,0.624,,
dl-cats,clipper,16,compilation,0.692,,
dl-cats,clipper,17,compilation,0.657,,
dl-cats,clipper,18,compilation,0.659,,
dl-cats,clipper,19,compilation,0.625,,
dl-cats,clipper,20,compilation,0.697,,
dl-cats,clipper,21,compilation,0.641,,
dl-cats,clipper,22,compilation,0.621,,
dl-cats,clipper,23,compilation,0.619,,
dl-cats,clipper,24,compilation,0.612,,
dl-cats,clipper,25,compilation,0.611,,
dl-cats,clipper,6,preprocessing ,0.01,,
dl-cats,clipper,7,preprocessing ,0.012,,
dl-cats,clipper,8,preprocessing ,0.013,,
dl-cats,clipper,9,preprocessing ,0.014,,
dl-cats,clipper,10,preprocessing ,0.017,,
dl-cats,clipper,11,preprocessing ,0.02,,
dl-cats,clipper,12,preprocessing ,0.02,,
dl-cats,clipper,13,preprocessing ,0.021,,
dl-cats,clipper,14,preprocessing ,0.025,,
dl-cats,clipper,15,preprocessing ,0.028,,
dl-cats,clipper,16,preprocessing ,0.028,,
dl-cats,clipper,17,preprocessing ,0.033,,
dl-cats,clipper,18,preprocessing ,0.034,,
dl-cats,clipper,19,preprocessing ,0.037,,
dl-cats,clipper,20,preprocessing ,0.042,,
dl-cats,clipper,21,preprocessing ,0.044,,
dl-cats,clipper,22,preprocessing ,0.048,,
dl-cats,clipper,23,preprocessing ,0.049,,
dl-cats,clipper,24,preprocessing ,0.056,,
dl-cats,clipper,25,preprocessing ,0.061,,
dl-cats,clipper,6,solving,0.00281756,,
dl-cats,clipper,7,solving,0.00306622,,
dl-cats,clipper,8,solving,0.00314848,,
dl-cats,clipper,9,solving,0.00335909,,
dl-cats,clipper,10,solving,0.00360914,,
dl-cats,clipper,11,solving,0.00388751,,
dl-cats,clipper,12,solving,0.00383368,,
dl-cats,clipper,13,solving,0.00408495,,
dl-cats,clipper,14,solving,0.0042218,,
dl-cats,clipper,15,solving,0.00443967,,
dl-cats,clipper,16,solving,0.00445443,,
dl-cats,clipper,17,solving,0.00499539,,
dl-cats,clipper,18,solving,0.0050738,,
dl-cats,clipper,19,solving,0.0053402,,
dl-cats,clipper,20,solving,0.00612697,,
dl-cats,clipper,21,solving,0.00671776,,
dl-cats,clipper,22,solving,0.00650012,,
dl-cats,clipper,23,solving,0.00659227,,
dl-cats,clipper,24,solving,0.00741953,,
dl-cats,clipper,25,solving,0.00812882,,
dl-elevator,ekab,15,compilation,0.5812249184,,
dl-elevator,ekab,16,compilation,0.5713820457,,
dl-elevator,ekab,17,compilation,0.5810389519,,
dl-elevator,ekab,18,compilation,0.5759599209,,
dl-elevator,ekab,19,compilation,0.5670261383,,
dl-elevator,ekab,20,compilation,0.5744531155,,
dl-elevator,ekab,21,compilation,0.5725650787,,
dl-elevator,ekab,22,compilation,0.5931799412,,
dl-elevator,ekab,23,compilation,0.6106021404,,
dl-elevator,ekab,24,compilation,0.6282742023,,
dl-elevator,ekab,25,compilation,0.620828867,,
dl-elevator,ekab,26,compilation,0.5813829899,,
dl-elevator,ekab,27,compilation,0.5936920643,,
dl-elevator,ekab,28,compilation,0.611738205,,
dl-elevator,ekab,29,compilation,0.5887928009,,
dl-elevator,ekab,30,compilation,0.632668972,,
dl-elevator,ekab,31,compilation,0.6292200089,,
dl-elevator,ekab,32,compilation,0.6112880707,,
dl-elevator,ekab,33,compilation,0.6045970917,,
dl-elevator,ekab,34,compilation,0.6209511757,,
dl-elevator,ekab,15,preprocessing ,0.101,,
dl-elevator,ekab,16,preprocessing ,0.115,,
dl-elevator,ekab,17,preprocessing ,0.0044372,,
dl-elevator,ekab,18,preprocessing ,0.149,,
dl-elevator,ekab,19,preprocessing ,0.169,,
dl-elevator,ekab,20,preprocessing ,0.19,,
dl-elevator,ekab,21,preprocessing ,0.217,,
dl-elevator,ekab,22,preprocessing ,0.24,,
dl-elevator,ekab,23,preprocessing ,0.272,,
dl-elevator,ekab,24,preprocessing ,0.3,,
dl-elevator,ekab,25,preprocessing ,0.335,,
dl-elevator,ekab,26,preprocessing ,0.364,,
dl-elevator,ekab,27,preprocessing ,0.408,,
dl-elevator,ekab,28,preprocessing ,0.443,,
dl-elevator,ekab,29,preprocessing ,0.495,,
dl-elevator,ekab,30,preprocessing ,0.533,,
dl-elevator,ekab,31,preprocessing ,0.586,,
dl-elevator,ekab,32,preprocessing ,0.646,,
dl-elevator,ekab,33,preprocessing ,0.69,,
dl-elevator,ekab,34,preprocessing ,0.75,,
dl-elevator,ekab,15,solving,0.00431573,,
dl-elevator,ekab,16,solving,0.0044372,,
dl-elevator,ekab,17,solving,0.00398986,,
dl-elevator,ekab,18,solving,0.00471715,,
dl-elevator,ekab,19,solving,0.00486896,,
dl-elevator,ekab,20,solving,0.0052362,,
dl-elevator,ekab,21,solving,0.00528451,,
dl-elevator,ekab,22,solving,0.00537328,,
dl-elevator,ekab,23,solving,0.00580004,,
dl-elevator,ekab,24,solving,0.00585954,,
dl-elevator,ekab,25,solving,0.00637836,,
dl-elevator,ekab,26,solving,0.00656701,,
dl-elevator,ekab,27,solving,0.00676388,,
dl-elevator,ekab,28,solving,0.00727454,,
dl-elevator,ekab,29,solving,0.00735661,,
dl-elevator,ekab,30,solving,0.00764327,,
dl-elevator,ekab,31,solving,0.00806362,,
dl-elevator,ekab,32,solving,0.00855491,,
dl-elevator,ekab,33,solving,0.00948252,,
dl-elevator,ekab,34,solving,0.00981164,,
dl-elevator,ekab+KR,15,compilation,0.6172249184,,
dl-elevator,ekab+KR,16,compilation,0.6153820457,,
dl-elevator,ekab+KR,17,compilation,0.6250389519,,
dl-elevator,ekab+KR,18,compilation,0.6269599209,,
dl-elevator,ekab+KR,19,compilation,0.6250261383,,
dl-elevator,ekab+KR,20,compilation,0.6364531155,,
dl-elevator,ekab+KR,21,compilation,0.6465650787,,
dl-elevator,ekab+KR,22,compilation,0.6771799412,,
dl-elevator,ekab+KR,23,compilation,0.7086021404,,
dl-elevator,ekab+KR,24,compilation,0.7392742023,,
dl-elevator,ekab+KR,25,compilation,0.742828867,,
dl-elevator,ekab+KR,26,compilation,0.7133829899,,
dl-elevator,ekab+KR,27,compilation,0.7386920643,,
dl-elevator,ekab+KR,28,compilation,0.772738205,,
dl-elevator,ekab+KR,29,compilation,0.7647928009,,
dl-elevator,ekab+KR,30,compilation,0.829668972,,
dl-elevator,ekab+KR,31,compilation,0.8442200089,,
dl-elevator,ekab+KR,32,compilation,0.8452880707,,
dl-elevator,ekab+KR,33,compilation,0.8605970917,,
dl-elevator,ekab+KR,34,compilation,0.9049511757,,
dl-elevator,ekab+KR,15,preprocessing ,0.117,,
dl-elevator,ekab+KR,16,preprocessing ,0.115,,
dl-elevator,ekab+KR,17,preprocessing ,0.128,,
dl-elevator,ekab+KR,18,preprocessing ,0.331,,
dl-elevator,ekab+KR,19,preprocessing ,0.148,,
dl-elevator,ekab+KR,20,preprocessing ,0.114,,
dl-elevator,ekab+KR,21,preprocessing ,0.144,,
dl-elevator,ekab+KR,22,preprocessing ,0.185,,
dl-elevator,ekab+KR,23,preprocessing ,0.411,,
dl-elevator,ekab+KR,24,preprocessing ,0.206,,
dl-elevator,ekab+KR,25,preprocessing ,0.17,,
dl-elevator,ekab+KR,26,preprocessing ,0.274,,
dl-elevator,ekab+KR,27,preprocessing ,0.293,,
dl-elevator,ekab+KR,28,preprocessing ,0.198,,
dl-elevator,ekab+KR,29,preprocessing ,0.353,,
dl-elevator,ekab+KR,30,preprocessing ,0.401,,
dl-elevator,ekab+KR,31,preprocessing ,0.262,,
dl-elevator,ekab+KR,32,preprocessing ,0.399,,
dl-elevator,ekab+KR,33,preprocessing ,0.733,,
dl-elevator,ekab+KR,34,preprocessing ,0.914,,
dl-elevator,ekab+KR,15,solving,0.00397858,,
dl-elevator,ekab+KR,16,solving,0.00454697,,
dl-elevator,ekab+KR,17,solving,0.00400721,,
dl-elevator,ekab+KR,18,solving,0.00483421,,
dl-elevator,ekab+KR,19,solving,0.00493997,,
dl-elevator,ekab+KR,20,solving,0.00517132,,
dl-elevator,ekab+KR,21,solving,0.00525314,,
dl-elevator,ekab+KR,22,solving,0.00735389,,
dl-elevator,ekab+KR,23,solving,0.00570172,,
dl-elevator,ekab+KR,24,solving,0.00624192,,
dl-elevator,ekab+KR,25,solving,0.00671562,,
dl-elevator,ekab+KR,26,solving,0.00635231,,
dl-elevator,ekab+KR,27,solving,0.00664917,,
dl-elevator,ekab+KR,28,solving,0.00692694,,
dl-elevator,ekab+KR,29,solving,0.00719322,,
dl-elevator,ekab+KR,30,solving,0.00757324,,
dl-elevator,ekab+KR,31,solving,0.0081639,,
dl-elevator,ekab+KR,32,solving,0.00843086,,
dl-elevator,ekab+KR,33,solving,0.00934872,,
dl-elevator,ekab+KR,34,solving,0.00968833,,
dl-elevator,clipper,15,compilation,0.605,,
dl-elevator,clipper,16,compilation,0.716,,
dl-elevator,clipper,17,compilation,0.683,,
dl-elevator,clipper,18,compilation,0.697,,
dl-elevator,clipper,19,compilation,0.601,,
dl-elevator,clipper,20,compilation,0.615,,
dl-elevator,clipper,21,compilation,0.756,,
dl-elevator,clipper,22,compilation,0.673,,
dl-elevator,clipper,23,compilation,0.608,,
dl-elevator,clipper,24,compilation,0.617,,
dl-elevator,clipper,25,compilation,0.624,,
dl-elevator,clipper,26,compilation,0.701,,
dl-elevator,clipper,27,compilation,0.676,,
dl-elevator,clipper,28,compilation,0.672,,
dl-elevator,clipper,29,compilation,0.673,,
dl-elevator,clipper,30,compilation,0.606,,
dl-elevator,clipper,31,compilation,0.641,,
dl-elevator,clipper,32,compilation,0.669,,
dl-elevator,clipper,33,compilation,0.644,,
dl-elevator,clipper,34,compilation,0.686,,
dl-elevator,clipper,15,preprocessing ,0.019,,
dl-elevator,clipper,16,preprocessing ,0.02,,
dl-elevator,clipper,17,preprocessing ,0.021,,
dl-elevator,clipper,18,preprocessing ,0.022,,
dl-elevator,clipper,19,preprocessing ,0.023,,
dl-elevator,clipper,20,preprocessing ,0.026,,
dl-elevator,clipper,21,preprocessing ,0.025,,
dl-elevator,clipper,22,preprocessing ,0.026,,
dl-elevator,clipper,23,preprocessing ,0.027,,
dl-elevator,clipper,24,preprocessing ,0.029,,
dl-elevator,clipper,25,preprocessing ,0.029,,
dl-elevator,clipper,26,preprocessing ,0.03,,
dl-elevator,clipper,27,preprocessing ,0.031,,
dl-elevator,clipper,28,preprocessing ,0.032,,
dl-elevator,clipper,29,preprocessing ,0.034,,
dl-elevator,clipper,30,preprocessing ,0.035,,
dl-elevator,clipper,31,preprocessing ,0.038,,
dl-elevator,clipper,32,preprocessing ,0.037,,
dl-elevator,clipper,33,preprocessing ,0.039,,
dl-elevator,clipper,34,preprocessing ,0.039,,
dl-elevator,clipper,15,solving,0.0031934,,
dl-elevator,clipper,16,solving,0.00353383,,
dl-elevator,clipper,17,solving,0.00321717,,
dl-elevator,clipper,18,solving,0.00359157,,
dl-elevator,clipper,19,solving,0.00359811,,
dl-elevator,clipper,20,solving,0.00380141,,
dl-elevator,clipper,21,solving,0.00383702,,
dl-elevator,clipper,22,solving,0.00373465,,
dl-elevator,clipper,23,solving,0.0039759,,
dl-elevator,clipper,24,solving,0.00399235,,
dl-elevator,clipper,25,solving,0.0043746,,
dl-elevator,clipper,26,solving,0.00415359,,
dl-elevator,clipper,27,solving,0.00441383,,
dl-elevator,clipper,28,solving,0.00452658,,
dl-elevator,clipper,29,solving,0.00463133,,
dl-elevator,clipper,30,solving,0.0051168,,
dl-elevator,clipper,31,solving,0.00498528,,
dl-elevator,clipper,32,solving,0.00554741,,
dl-elevator,clipper,33,solving,0.00546481,,
dl-elevator,clipper,34,solving,0.00556809,,
dl-robot,ekab,3,compilation,1.152255058,,
dl-robot,ekab,4,compilation,2.867287159,,
dl-robot,ekab,5,compilation,6.428881168,,
dl-robot,ekab,6,compilation,13.0855701,,
dl-robot,ekab,7,compilation,24.5944078,,
dl-robot,ekab,8,compilation,42.37901497,,
dl-robot,ekab,9,compilation,71.42786789,,
dl-robot,ekab,10,compilation,115.323457,,
dl-robot,ekab,11,compilation,178.2054591,,
dl-robot,ekab,12,compilation,265.4595709,,
dl-robot,ekab,13,compilation,381.8826618,,
dl-robot,ekab,14,compilation,559.454082,,
dl-robot,ekab,15,compilation,745.1109698,,
dl-robot,ekab,16,compilation,1047.419561,,
dl-robot,ekab,17,compilation,1341.232404,,
dl-robot,ekab,18,compilation,1757.030649,,
dl-robot,ekab,19,compilation,2256.598708,,
dl-robot,ekab,20,compilation,2888.565062,,
dl-robot,ekab,21,compilation,3636.399979,,
dl-robot,ekab,22,compilation,4578.499169,,
dl-robot,ekab,3,preprocessing ,0.21,,
dl-robot,ekab,4,preprocessing ,0.516,,
dl-robot,ekab,5,preprocessing ,2.751,,
dl-robot,ekab,6,preprocessing ,56.642,,
dl-robot,ekab,7,preprocessing ,,,
dl-robot,ekab,8,preprocessing ,,,
dl-robot,ekab,9,preprocessing ,,,
dl-robot,ekab,10,preprocessing ,,,
dl-robot,ekab,11,preprocessing ,,,
dl-robot,ekab,12,preprocessing ,,,
dl-robot,ekab,13,preprocessing ,,,
dl-robot,ekab,14,preprocessing ,,,
dl-robot,ekab,15,preprocessing ,,,
dl-robot,ekab,16,preprocessing ,,,
dl-robot,ekab,17,preprocessing ,,,
dl-robot,ekab,18,preprocessing ,,,
dl-robot,ekab,19,preprocessing ,,,
dl-robot,ekab,20,preprocessing ,,,
dl-robot,ekab,21,preprocessing ,,,
dl-robot,ekab,22,preprocessing ,,,
dl-robot,ekab,3,solving,0.00341915,,
dl-robot,ekab,4,solving,0.00730679,,
dl-robot,ekab,5,solving,0.0172036,,
dl-robot,ekab,6,solving,0.0528028,,
dl-robot,ekab,7,solving,,,
dl-robot,ekab,8,solving,,,
dl-robot,ekab,9,solving,,,
dl-robot,ekab,10,solving,,,
dl-robot,ekab,11,solving,,,
dl-robot,ekab,12,solving,,,
dl-robot,ekab,13,solving,,,
dl-robot,ekab,14,solving,,,
dl-robot,ekab,15,solving,,,
dl-robot,ekab,16,solving,,,
dl-robot,ekab,17,solving,,,
dl-robot,ekab,18,solving,,,
dl-robot,ekab,19,solving,,,
dl-robot,ekab,20,solving,,,
dl-robot,ekab,21,solving,,,
dl-robot,ekab,22,solving,,,
dl-robot,ekab+KR,3,compilation,1.162255058,,
dl-robot,ekab+KR,4,compilation,2.874287159,,
dl-robot,ekab+KR,5,compilation,6.439881168,,
dl-robot,ekab+KR,6,compilation,13.1015701,,
dl-robot,ekab+KR,7,compilation,24.6124078,,
dl-robot,ekab+KR,8,compilation,42.40201497,,
dl-robot,ekab+KR,9,compilation,71.45386789,,
dl-robot,ekab+KR,10,compilation,115.353457,,
dl-robot,ekab+KR,11,compilation,178.2374591,,
dl-robot,ekab+KR,12,compilation,265.5075709,,
dl-robot,ekab+KR,13,compilation,381.9346618,,
dl-robot,ekab+KR,14,compilation,559.522082,,
dl-robot,ekab+KR,15,compilation,745.1909698,,
dl-robot,ekab+KR,16,compilation,1047.518561,,
dl-robot,ekab+KR,17,compilation,1341.345404,,
dl-robot,ekab+KR,18,compilation,1757.172649,,
dl-robot,ekab+KR,19,compilation,2256.765708,,
dl-robot,ekab+KR,20,compilation,2888.766062,,
dl-robot,ekab+KR,21,compilation,3636.637979,,
dl-robot,ekab+KR,22,compilation,4578.796169,,
dl-robot,ekab+KR,3,preprocessing ,8.344,,
dl-robot,ekab+KR,4,preprocessing ,10.43,,
dl-robot,ekab+KR,5,preprocessing ,11.298,,
dl-robot,ekab+KR,6,preprocessing ,10.289,,
dl-robot,ekab+KR,7,preprocessing ,10.829,,
dl-robot,ekab+KR,8,preprocessing ,18.318,,
dl-robot,ekab+KR,9,preprocessing ,14.508,,
dl-robot,ekab+KR,10,preprocessing ,17.536,,
dl-robot,ekab+KR,11,preprocessing ,16.941,,
dl-robot,ekab+KR,12,preprocessing ,17.569,,
dl-robot,ekab+KR,13,preprocessing ,19.086,,
dl-robot,ekab+KR,14,preprocessing ,31.277,,
dl-robot,ekab+KR,15,preprocessing ,31.767,,
dl-robot,ekab+KR,16,preprocessing ,39.09,,
dl-robot,ekab+KR,17,preprocessing ,51.65,,
dl-robot,ekab+KR,18,preprocessing ,62.772,,
dl-robot,ekab+KR,19,preprocessing ,43.208,,
dl-robot,ekab+KR,20,preprocessing ,32.506,,
dl-robot,ekab+KR,21,preprocessing ,85.105,,
dl-robot,ekab+KR,22,preprocessing ,33.731,,
dl-robot,ekab+KR,3,solving,0.00281092,,
dl-robot,ekab+KR,4,solving,0.00412262,,
dl-robot,ekab+KR,5,solving,0.00528933,,
dl-robot,ekab+KR,6,solving,0.00794621,,
dl-robot,ekab+KR,7,solving,0.0110631,,
dl-robot,ekab+KR,8,solving,0.0177861,,
dl-robot,ekab+KR,9,solving,0.0294067,,
dl-robot,ekab+KR,10,solving,0.0584523,,
dl-robot,ekab+KR,11,solving,0.099554,,
dl-robot,ekab+KR,12,solving,0.164539,,
dl-robot,ekab+KR,13,solving,0.208405,,
dl-robot,ekab+KR,14,solving,0.323493,,
dl-robot,ekab+KR,15,solving,0.590675,,
dl-robot,ekab+KR,16,solving,0.861783,,
dl-robot,ekab+KR,17,solving,1.04643,,
dl-robot,ekab+KR,18,solving,1.73176,,
dl-robot,ekab+KR,19,solving,2.40472,,
dl-robot,ekab+KR,20,solving,2.79837,,
dl-robot,ekab+KR,21,solving,4.39058,,
dl-robot,ekab+KR,22,solving,5.05911,,
dl-robot,clipper,3,compilation,0.643,,
dl-robot,clipper,4,compilation,0.73,,
dl-robot,clipper,5,compilation,0.665,,
dl-robot,clipper,6,compilation,0.74,,
dl-robot,clipper,7,compilation,0.708,,
dl-robot,clipper,8,compilation,0.697,,
dl-robot,clipper,9,compilation,0.703,,
dl-robot,clipper,10,compilation,0.709,,
dl-robot,clipper,11,compilation,0.786,,
dl-robot,clipper,12,compilation,0.842,,
dl-robot,clipper,13,compilation,0.882,,
dl-robot,clipper,14,compilation,0.891,,
dl-robot,clipper,15,compilation,0.888,,
dl-robot,clipper,16,compilation,0.885,,
dl-robot,clipper,17,compilation,0.932,,
dl-robot,clipper,18,compilation,0.932,,
dl-robot,clipper,19,compilation,0.905,,
dl-robot,clipper,20,compilation,1.022,,
dl-robot,clipper,21,compilation,1.033,,
dl-robot,clipper,22,compilation,1.06,,
dl-robot,clipper,3,preprocessing ,0.04,,
dl-robot,clipper,4,preprocessing ,0.073,,
dl-robot,clipper,5,preprocessing ,0.118,,
dl-robot,clipper,6,preprocessing ,0.18,,
dl-robot,clipper,7,preprocessing ,0.205,,
dl-robot,clipper,8,preprocessing ,0.344,,
dl-robot,clipper,9,preprocessing ,0.457,,
dl-robot,clipper,10,preprocessing ,0.477,,
dl-robot,clipper,11,preprocessing ,0.736,,
dl-robot,clipper,12,preprocessing ,0.917,,
dl-robot,clipper,13,preprocessing ,1.111,,
dl-robot,clipper,14,preprocessing ,1.356,,
dl-robot,clipper,15,preprocessing ,1.269,,
dl-robot,clipper,16,preprocessing ,1.885,,
dl-robot,clipper,17,preprocessing ,1.137,,
dl-robot,clipper,18,preprocessing ,2.004,,
dl-robot,clipper,19,preprocessing ,2.326,,
dl-robot,clipper,20,preprocessing ,2.138,,
dl-robot,clipper,21,preprocessing ,3.273,,
dl-robot,clipper,22,preprocessing ,3.335,,
dl-robot,clipper,3,solving,0.0024843,,
dl-robot,clipper,4,solving,0.00285215,,
dl-robot,clipper,5,solving,0.00326624,,
dl-robot,clipper,6,solving,0.00323137,,
dl-robot,clipper,7,solving,0.00331205,,
dl-robot,clipper,8,solving,0.00371291,,
dl-robot,clipper,9,solving,0.00388564,,
dl-robot,clipper,10,solving,0.00410267,,
dl-robot,clipper,11,solving,0.00450914,,
dl-robot,clipper,12,solving,0.00476929,,
dl-robot,clipper,13,solving,0.00510832,,
dl-robot,clipper,14,solving,0.00578773,,
dl-robot,clipper,15,solving,0.00631053,,
dl-robot,clipper,16,solving,0.00646462,,
dl-robot,clipper,17,solving,0.00702812,,
dl-robot,clipper,18,solving,0.00757633,,
dl-robot,clipper,19,solving,0.00843954,,
dl-robot,clipper,20,solving,0.00917231,,
dl-robot,clipper,21,solving,0.0108745,,
dl-robot,clipper,22,solving,0.0109594,,
dl-task,ekab,3,compilation,2.813255072,,
dl-task,ekab,4,compilation,2.794985056,,
dl-task,ekab,5,compilation,2.868959904,,
dl-task,ekab,6,compilation,2.862422943,,
dl-task,ekab,7,compilation,2.873584986,,
dl-task,ekab,8,compilation,2.843966007,,
dl-task,ekab,9,compilation,2.795398951,,
dl-task,ekab,10,compilation,2.890498877,,
dl-task,ekab,11,compilation,2.865934134,,
dl-task,ekab,12,compilation,2.880089045,,
dl-task,ekab,13,compilation,2.86929822,,
dl-task,ekab,14,compilation,2.893777847,,
dl-task,ekab,15,compilation,2.858837843,,
dl-task,ekab,16,compilation,2.991555929,,
dl-task,ekab,17,compilation,2.948848963,,
dl-task,ekab,18,compilation,2.847654819,,
dl-task,ekab,19,compilation,2.810235024,,
dl-task,ekab,20,compilation,2.830771208,,
dl-task,ekab,21,compilation,2.899601936,,
dl-task,ekab,22,compilation,2.916794062,,
dl-task,ekab,3,preprocessing ,0.064,,
dl-task,ekab,4,preprocessing ,0.087,,
dl-task,ekab,5,preprocessing ,2.269,,
dl-task,ekab,6,preprocessing ,,,
dl-task,ekab,7,preprocessing ,,,
dl-task,ekab,8,preprocessing ,,,
dl-task,ekab,9,preprocessing ,,,
dl-task,ekab,10,preprocessing ,,,
dl-task,ekab,11,preprocessing ,,,
dl-task,ekab,12,preprocessing ,,,
dl-task,ekab,13,preprocessing ,,,
dl-task,ekab,14,preprocessing ,,,
dl-task,ekab,15,preprocessing ,,,
dl-task,ekab,16,preprocessing ,,,
dl-task,ekab,17,preprocessing ,,,
dl-task,ekab,18,preprocessing ,,,
dl-task,ekab,19,preprocessing ,,,
dl-task,ekab,20,preprocessing ,,,
dl-task,ekab,21,preprocessing ,,,
dl-task,ekab,22,preprocessing ,,,
dl-task,ekab,3,solving,0.00582931,,
dl-task,ekab,4,solving,0.00411912,,
dl-task,ekab,5,solving,0.0047929,,
dl-task,ekab,6,solving,,,
dl-task,ekab,7,solving,,,
dl-task,ekab,8,solving,,,
dl-task,ekab,9,solving,,,
dl-task,ekab,10,solving,,,
dl-task,ekab,11,solving,,,
dl-task,ekab,12,solving,,,
dl-task,ekab,13,solving,,,
dl-task,ekab,14,solving,,,
dl-task,ekab,15,solving,,,
dl-task,ekab,16,solving,,,
dl-task,ekab,17,solving,,,
dl-task,ekab,18,solving,,,
dl-task,ekab,19,solving,,,
dl-task,ekab,20,solving,,,
dl-task,ekab,21,solving,,,
dl-task,ekab,22,solving,,,
dl-task,ekab+KR,3,compilation,2.823255072,,
dl-task,ekab+KR,4,compilation,2.812985056,,
dl-task,ekab+KR,5,compilation,2.887959904,,
dl-task,ekab+KR,6,compilation,2.890422943,,
dl-task,ekab+KR,7,compilation,2.932584986,,
dl-task,ekab+KR,8,compilation,2.958966007,,
dl-task,ekab+KR,9,compilation,3.056398951,,
dl-task,ekab+KR,10,compilation,3.451498877,,
dl-task,ekab+KR,11,compilation,3.959934134,,
dl-task,ekab+KR,12,compilation,4.919089045,,
dl-task,ekab+KR,13,compilation,6.53729822,,
dl-task,ekab+KR,14,compilation,9.204777847,,
dl-task,ekab+KR,15,compilation,13.36283784,,
dl-task,ekab+KR,16,compilation,20.28455593,,
dl-task,ekab+KR,17,compilation,30.99484896,,
dl-task,ekab+KR,18,compilation,48.68365482,,
dl-task,ekab+KR,19,compilation,72.40823502,,
dl-task,ekab+KR,20,compilation,110.1617712,,
dl-task,ekab+KR,21,compilation,165.6376019,,
dl-task,ekab+KR,22,compilation,274.2157941,,
dl-task,ekab+KR,3,preprocessing ,0.057,,
dl-task,ekab+KR,4,preprocessing ,0.126,,
dl-task,ekab+KR,5,preprocessing ,0.174,,
dl-task,ekab+KR,6,preprocessing ,0.248,,
dl-task,ekab+KR,7,preprocessing ,0.335,,
dl-task,ekab+KR,8,preprocessing ,0.542,,
dl-task,ekab+KR,9,preprocessing ,0.761,,
dl-task,ekab+KR,10,preprocessing ,1.211,,
dl-task,ekab+KR,11,preprocessing ,1.29,,
dl-task,ekab+KR,12,preprocessing ,1.772,,
dl-task,ekab+KR,13,preprocessing ,2.486,,
dl-task,ekab+KR,14,preprocessing ,3.179,,
dl-task,ekab+KR,15,preprocessing ,4.176,,
dl-task,ekab+KR,16,preprocessing ,5.35,,
dl-task,ekab+KR,17,preprocessing ,6.439,,
dl-task,ekab+KR,18,preprocessing ,7.959,,
dl-task,ekab+KR,19,preprocessing ,9.72,,
dl-task,ekab+KR,20,preprocessing ,12.046,,
dl-task,ekab+KR,21,preprocessing ,14.356,,
dl-task,ekab+KR,22,preprocessing ,17.788,,
dl-task,ekab+KR,3,solving,0.00300594,,
dl-task,ekab+KR,4,solving,0.00338286,,
dl-task,ekab+KR,5,solving,0.0046199,,
dl-task,ekab+KR,6,solving,0.00659649,,
dl-task,ekab+KR,7,solving,0.00949289,,
dl-task,ekab+KR,8,solving,0.0132001,,
dl-task,ekab+KR,9,solving,0.0183498,,
dl-task,ekab+KR,10,solving,0.0241985,,
dl-task,ekab+KR,11,solving,0.0349113,,
dl-task,ekab+KR,12,solving,0.0511965,,
dl-task,ekab+KR,13,solving,0.0574123,,
dl-task,ekab+KR,14,solving,0.0706906,,
dl-task,ekab+KR,15,solving,0.0840333,,
dl-task,ekab+KR,16,solving,0.108372,,
dl-task,ekab+KR,17,solving,0.128515,,
dl-task,ekab+KR,18,solving,0.154576,,
dl-task,ekab+KR,19,solving,0.211326,,
dl-task,ekab+KR,20,solving,0.237966,,
dl-task,ekab+KR,21,solving,0.274215,,
dl-task,ekab+KR,22,solving,0.322096,,
dl-task,clipper,3,compilation,0.623,,
dl-task,clipper,4,compilation,0.653,,
dl-task,clipper,5,compilation,0.629,,
dl-task,clipper,6,compilation,0.641,,
dl-task,clipper,7,compilation,0.634,,
dl-task,clipper,8,compilation,0.704,,
dl-task,clipper,9,compilation,0.659,,
dl-task,clipper,10,compilation,0.726,,
dl-task,clipper,11,compilation,0.629,,
dl-task,clipper,12,compilation,0.629,,
dl-task,clipper,13,compilation,0.634,,
dl-task,clipper,14,compilation,0.64,,
dl-task,clipper,15,compilation,0.639,,
dl-task,clipper,16,compilation,0.681,,
dl-task,clipper,17,compilation,0.699,,
dl-task,clipper,18,compilation,0.648,,
dl-task,clipper,19,compilation,0.781,,
dl-task,clipper,20,compilation,0.645,,
dl-task,clipper,21,compilation,0.667,,
dl-task,clipper,22,compilation,0.634,,
dl-task,clipper,3,preprocessing ,0.033,,
dl-task,clipper,4,preprocessing ,0.056,,
dl-task,clipper,5,preprocessing ,0.087,,
dl-task,clipper,6,preprocessing ,0.137,,
dl-task,clipper,7,preprocessing ,0.217,,
dl-task,clipper,8,preprocessing ,0.326,,
dl-task,clipper,9,preprocessing ,0.489,,
dl-task,clipper,10,preprocessing ,0.696,,
dl-task,clipper,11,preprocessing ,0.95,,
dl-task,clipper,12,preprocessing ,1.36,,
dl-task,clipper,13,preprocessing ,1.794,,
dl-task,clipper,14,preprocessing ,2.401,,
dl-task,clipper,15,preprocessing ,3.019,,
dl-task,clipper,16,preprocessing ,3.907,,
dl-task,clipper,17,preprocessing ,5.015,,
dl-task,clipper,18,preprocessing ,6.401,,
dl-task,clipper,19,preprocessing ,7.599,,
dl-task,clipper,20,preprocessing ,9.732,,
dl-task,clipper,21,preprocessing ,11.962,,
dl-task,clipper,22,preprocessing ,14.554,,
dl-task,clipper,3,solving,0.0030189,,
dl-task,clipper,4,solving,0.00404331,,
dl-task,clipper,5,solving,0.00525936,,
dl-task,clipper,6,solving,0.00743333,,
dl-task,clipper,7,solving,0.0103409,,
dl-task,clipper,8,solving,0.0147301,,
dl-task,clipper,9,solving,0.0201521,,
dl-task,clipper,10,solving,0.0272926,,
dl-task,clipper,11,solving,0.0374232,,
dl-task,clipper,12,solving,0.0478952,,
dl-task,clipper,13,solving,0.0573748,,
dl-task,clipper,14,solving,0.0718922,,
dl-task,clipper,15,solving,0.0933414,,
dl-task,clipper,16,solving,0.110059,,
dl-task,clipper,17,solving,0.134233,,
dl-task,clipper,18,solving,0.165171,,
dl-task,clipper,19,solving,0.202332,,
dl-task,clipper,20,solving,0.256278,,
dl-task,clipper,21,solving,0.298851,,
dl-task,clipper,22,solving,0.347731,,
dl-vta,ekab,4,compilation,0.2932429314,,
dl-vta,ekab,5,compilation,0.2879858017,,
dl-vta,ekab,6,compilation,0.294246912,,
dl-vta,ekab,7,compilation,0.2927231789,,
dl-vta,ekab,10,compilation,0.2997140884,,
dl-vta,ekab,15,compilation,0.3229649067,,
dl-vta,ekab,20,compilation,0.3056659698,,
dl-vta,ekab,25,compilation,0.3261151314,,
dl-vta,ekab,30,compilation,0.3336598873,,
dl-vta,ekab,35,compilation,0.3318359852,,
dl-vta,ekab,40,compilation,0.3438150883,,
dl-vta,ekab,45,compilation,0.3473398685,,
dl-vta,ekab,50,compilation,0.366298914,,
dl-vta,ekab,55,compilation,0.3633050919,,
dl-vta,ekab,60,compilation,0.3769061565,,
dl-vta,ekab,4,preprocessing ,0.947,,
dl-vta,ekab,5,preprocessing ,1.226,,
dl-vta,ekab,6,preprocessing ,1.418,,
dl-vta,ekab,7,preprocessing ,1.707,,
dl-vta,ekab,10,preprocessing ,2.719,,
dl-vta,ekab,15,preprocessing ,5.575,,
dl-vta,ekab,20,preprocessing ,9.435,,
dl-vta,ekab,25,preprocessing ,14.173,,
dl-vta,ekab,30,preprocessing ,21.783,,
dl-vta,ekab,35,preprocessing ,30.996,,
dl-vta,ekab,40,preprocessing ,42.546,,
dl-vta,ekab,45,preprocessing ,55.189,,
dl-vta,ekab,50,preprocessing ,71.764,,
dl-vta,ekab,55,preprocessing ,92.578,,
dl-vta,ekab,60,preprocessing ,116.74,,
dl-vta,ekab,4,solving,0.0806991,,
dl-vta,ekab,5,solving,0.094315,,
dl-vta,ekab,6,solving,0.116534,,
dl-vta,ekab,7,solving,0.16953,,
dl-vta,ekab,10,solving,0.239463,,
dl-vta,ekab,15,solving,0.632958,,
dl-vta,ekab,20,solving,1.3347,,
dl-vta,ekab,25,solving,1.98201,,
dl-vta,ekab,30,solving,3.0873,,
dl-vta,ekab,35,solving,4.70631,,
dl-vta,ekab,40,solving,6.52498,,
dl-vta,ekab,45,solving,9.16322,,
dl-vta,ekab,50,solving,12.1172,,
dl-vta,ekab,55,solving,15.4241,,
dl-vta,ekab,60,solving,20.6529,,
dl-vta,ekab+KR,4,compilation,0.3292429314,,
dl-vta,ekab+KR,5,compilation,0.3289858017,,
dl-vta,ekab+KR,6,compilation,0.346246912,,
dl-vta,ekab+KR,7,compilation,0.3557231789,,
dl-vta,ekab+KR,10,compilation,0.3817140884,,
dl-vta,ekab+KR,15,compilation,0.4709649067,,
dl-vta,ekab+KR,20,compilation,0.5656659698,,
dl-vta,ekab+KR,25,compilation,0.7151151314,,
dl-vta,ekab+KR,30,compilation,0.9166598873,,
dl-vta,ekab+KR,35,compilation,1.161835985,,
dl-vta,ekab+KR,40,compilation,1.508815088,,
dl-vta,ekab+KR,45,compilation,1.975339869,,
dl-vta,ekab+KR,50,compilation,2.398298914,,
dl-vta,ekab+KR,55,compilation,2.970305092,,
dl-vta,ekab+KR,60,compilation,3.684906157,,
dl-vta,ekab+KR,4,preprocessing ,303.123,,
dl-vta,ekab+KR,5,preprocessing ,303.607,,
dl-vta,ekab+KR,6,preprocessing ,304.564,,
dl-vta,ekab+KR,7,preprocessing ,305.63,,
dl-vta,ekab+KR,10,preprocessing ,309.563,,
dl-vta,ekab+KR,15,preprocessing ,317.6,,
dl-vta,ekab+KR,20,preprocessing ,330.334,,
dl-vta,ekab+KR,25,preprocessing ,350.368,,
dl-vta,ekab+KR,30,preprocessing ,374.954,,
dl-vta,ekab+KR,35,preprocessing ,401.322,,
dl-vta,ekab+KR,40,preprocessing ,448.4,,
dl-vta,ekab+KR,45,preprocessing ,492.252,,
dl-vta,ekab+KR,50,preprocessing ,539.535,,
dl-vta,ekab+KR,55,preprocessing ,,,
dl-vta,ekab+KR,60,preprocessing ,,,
dl-vta,ekab+KR,4,solving,0.0552748,,
dl-vta,ekab+KR,5,solving,0.0265948,,
dl-vta,ekab+KR,6,solving,0.0929416,,
dl-vta,ekab+KR,7,solving,0.139144,,
dl-vta,ekab+KR,10,solving,0.288479,,
dl-vta,ekab+KR,15,solving,0.713869,,
dl-vta,ekab+KR,20,solving,1.39877,,
dl-vta,ekab+KR,25,solving,2.45423,,
dl-vta,ekab+KR,30,solving,3.9062,,
dl-vta,ekab+KR,35,solving,5.86039,,
dl-vta,ekab+KR,40,solving,8.17632,,
dl-vta,ekab+KR,45,solving,11.2173,,
dl-vta,ekab+KR,50,solving,14.6622,,
dl-vta,ekab+KR,55,solving,,,
dl-vta,ekab+KR,60,solving,,,
dl-vta,clipper,4,compilation,0.631,,
dl-vta,clipper,5,compilation,0.671,,
dl-vta,clipper,6,compilation,0.637,,
dl-vta,clipper,7,compilation,0.645,,
dl-vta,clipper,10,compilation,0.612,,
dl-vta,clipper,15,compilation,0.629,,
dl-vta,clipper,20,compilation,0.704,,
dl-vta,clipper,25,compilation,0.732,,
dl-vta,clipper,30,compilation,0.625,,
dl-vta,clipper,35,compilation,0.627,,
dl-vta,clipper,40,compilation,0.626,,
dl-vta,clipper,45,compilation,0.644,,
dl-vta,clipper,50,compilation,0.622,,
dl-vta,clipper,55,compilation,0.654,,
dl-vta,clipper,60,compilation,0.704,,
dl-vta,clipper,4,preprocessing ,0.722,,
dl-vta,clipper,5,preprocessing ,0.889,,
dl-vta,clipper,6,preprocessing ,1.105,,
dl-vta,clipper,7,preprocessing ,1.328,,
dl-vta,clipper,10,preprocessing ,2.159,,
dl-vta,clipper,15,preprocessing ,4.146,,
dl-vta,clipper,20,preprocessing ,7.215,,
dl-vta,clipper,25,preprocessing ,11.565,,
dl-vta,clipper,30,preprocessing ,16.562,,
dl-vta,clipper,35,preprocessing ,23.724,,
dl-vta,clipper,40,preprocessing ,32.519,,
dl-vta,clipper,45,preprocessing ,42.454,,
dl-vta,clipper,50,preprocessing ,56.189,,
dl-vta,clipper,55,preprocessing ,70.728,,
dl-vta,clipper,60,preprocessing ,88.517,,
dl-vta,clipper,4,solving,0.0467343,,
dl-vta,clipper,5,solving,0.056388,,
dl-vta,clipper,6,solving,0.0679858,,
dl-vta,clipper,7,solving,0.0793785,,
dl-vta,clipper,10,solving,0.131703,,
dl-vta,clipper,15,solving,0.295493,,
dl-vta,clipper,20,solving,0.550511,,
dl-vta,clipper,25,solving,0.970936,,
dl-vta,clipper,30,solving,1.51938,,
dl-vta,clipper,35,solving,2.21926,,
dl-vta,clipper,40,solving,3.16758,,
dl-vta,clipper,45,solving,4.31697,,
dl-vta,clipper,50,solving,5.79308,,
dl-vta,clipper,55,solving,7.61009,,
dl-vta,clipper,60,solving,9.34768,,
dl-vta-roles,ekab,4,compilation,0.5798511505,,
dl-vta-roles,ekab,5,compilation,0.5689530373,,
dl-vta-roles,ekab,6,compilation,0.5704829693,,
dl-vta-roles,ekab,7,compilation,0.6096041203,,
dl-vta-roles,ekab,10,compilation,0.6047561169,,
dl-vta-roles,ekab,15,compilation,0.621119976,,
dl-vta-roles,ekab,20,compilation,0.6171929836,,
dl-vta-roles,ekab,25,compilation,0.6562299728,,
dl-vta-roles,ekab,30,compilation,0.6122069359,,
dl-vta-roles,ekab,35,compilation,0.6513159275,,
dl-vta-roles,ekab,40,compilation,0.6252968311,,
dl-vta-roles,ekab,45,compilation,0.6797039509,,
dl-vta-roles,ekab,50,compilation,0.6393251419,,
dl-vta-roles,ekab,55,compilation,0.6963701248,,
dl-vta-roles,ekab,60,compilation,0.6506228447,,
dl-vta-roles,ekab,4,preprocessing ,1.224,,
dl-vta-roles,ekab,5,preprocessing ,1.522,,
dl-vta-roles,ekab,6,preprocessing ,1.922,,
dl-vta-roles,ekab,7,preprocessing ,2.143,,
dl-vta-roles,ekab,10,preprocessing ,3.584,,
dl-vta-roles,ekab,15,preprocessing ,6.563,,
dl-vta-roles,ekab,20,preprocessing ,11.205,,
dl-vta-roles,ekab,25,preprocessing ,17.605,,
dl-vta-roles,ekab,30,preprocessing ,24.678,,
dl-vta-roles,ekab,35,preprocessing ,34.55,,
dl-vta-roles,ekab,40,preprocessing ,46.467,,
dl-vta-roles,ekab,45,preprocessing ,63.11,,
dl-vta-roles,ekab,50,preprocessing ,81.221,,
dl-vta-roles,ekab,55,preprocessing ,101.598,,
dl-vta-roles,ekab,60,preprocessing ,125.661,,
dl-vta-roles,ekab,4,solving,0.0954873,,
dl-vta-roles,ekab,5,solving,0.117574,,
dl-vta-roles,ekab,6,solving,0.156147,,
dl-vta-roles,ekab,7,solving,0.171757,,
dl-vta-roles,ekab,10,solving,0.300626,,
dl-vta-roles,ekab,15,solving,0.67463,,
dl-vta-roles,ekab,20,solving,1.53652,,
dl-vta-roles,ekab,25,solving,2.11732,,
dl-vta-roles,ekab,30,solving,3.31112,,
dl-vta-roles,ekab,35,solving,4.83197,,
dl-vta-roles,ekab,40,solving,6.7923,,
dl-vta-roles,ekab,45,solving,9.88869,,
dl-vta-roles,ekab,50,solving,12.3039,,
dl-vta-roles,ekab,55,solving,15.8009,,
dl-vta-roles,ekab,60,solving,19.571,,
dl-vta-roles,ekab+KR,4,compilation,21.57185115,,
dl-vta-roles,ekab+KR,5,compilation,33.15195304,,
dl-vta-roles,ekab+KR,6,compilation,58.29048297,,
dl-vta-roles,ekab+KR,7,compilation,85.90660412,,
dl-vta-roles,ekab+KR,10,compilation,278.7517561,,
dl-vta-roles,ekab+KR,15,compilation,,,
dl-vta-roles,ekab+KR,20,compilation,,,
dl-vta-roles,ekab+KR,25,compilation,,,
dl-vta-roles,ekab+KR,30,compilation,,,
dl-vta-roles,ekab+KR,35,compilation,,,
dl-vta-roles,ekab+KR,40,compilation,,,
dl-vta-roles,ekab+KR,45,compilation,,,
dl-vta-roles,ekab+KR,50,compilation,,,
dl-vta-roles,ekab+KR,55,compilation,,,
dl-vta-roles,ekab+KR,60,compilation,,,
dl-vta-roles,ekab+KR,4,preprocessing ,6.44,,
dl-vta-roles,ekab+KR,5,preprocessing ,6.571,,
dl-vta-roles,ekab+KR,6,preprocessing ,9.717,,
dl-vta-roles,ekab+KR,7,preprocessing ,13.494,,
dl-vta-roles,ekab+KR,10,preprocessing ,20.687,,
dl-vta-roles,ekab+KR,15,preprocessing ,,,
dl-vta-roles,ekab+KR,20,preprocessing ,,,
dl-vta-roles,ekab+KR,25,preprocessing ,,,
dl-vta-roles,ekab+KR,30,preprocessing ,,,
dl-vta-roles,ekab+KR,35,preprocessing ,,,
dl-vta-roles,ekab+KR,40,preprocessing ,,,
dl-vta-roles,ekab+KR,45,preprocessing ,,,
dl-vta-roles,ekab+KR,50,preprocessing ,,,
dl-vta-roles,ekab+KR,55,preprocessing ,,,
dl-vta-roles,ekab+KR,60,preprocessing ,,,
dl-vta-roles,ekab+KR,4,solving,0.123229,,
dl-vta-roles,ekab+KR,5,solving,0.165702,,
dl-vta-roles,ekab+KR,6,solving,0.189405,,
dl-vta-roles,ekab+KR,7,solving,0.239797,,
dl-vta-roles,ekab+KR,10,solving,0.439649,,
dl-vta-roles,ekab+KR,15,solving,,,
dl-vta-roles,ekab+KR,20,solving,,,
dl-vta-roles,ekab+KR,25,solving,,,
dl-vta-roles,ekab+KR,30,solving,,,
dl-vta-roles,ekab+KR,35,solving,,,
dl-vta-roles,ekab+KR,40,solving,,,
dl-vta-roles,ekab+KR,45,solving,,,
dl-vta-roles,ekab+KR,50,solving,,,
dl-vta-roles,ekab+KR,55,solving,,,
dl-vta-roles,ekab+KR,60,solving,,,
dl-vta-roles,clipper,4,compilation,0.637,,
dl-vta-roles,clipper,5,compilation,0.724,,
dl-vta-roles,clipper,6,compilation,0.7,,
dl-vta-roles,clipper,7,compilation,0.623,,
dl-vta-roles,clipper,10,compilation,0.623,,
dl-vta-roles,clipper,15,compilation,0.65,,
dl-vta-roles,clipper,20,compilation,0.635,,
dl-vta-roles,clipper,25,compilation,0.628,,
dl-vta-roles,clipper,30,compilation,0.664,,
dl-vta-roles,clipper,35,compilation,0.738,,
dl-vta-roles,clipper,40,compilation,0.692,,
dl-vta-roles,clipper,45,compilation,0.702,,
dl-vta-roles,clipper,50,compilation,0.654,,
dl-vta-roles,clipper,55,compilation,0.649,,
dl-vta-roles,clipper,60,compilation,0.637,,
dl-vta-roles,clipper,4,preprocessing ,0.745,,
dl-vta-roles,clipper,5,preprocessing ,0.917,,
dl-vta-roles,clipper,6,preprocessing ,1.152,,
dl-vta-roles,clipper,7,preprocessing ,1.361,,
dl-vta-roles,clipper,10,preprocessing ,2.217,,
dl-vta-roles,clipper,15,preprocessing ,4.232,,
dl-vta-roles,clipper,20,preprocessing ,7.28,,
dl-vta-roles,clipper,25,preprocessing ,11.435,,
dl-vta-roles,clipper,30,preprocessing ,17.166,,
dl-vta-roles,clipper,35,preprocessing ,24.237,,
dl-vta-roles,clipper,40,preprocessing ,33.381,,
dl-vta-roles,clipper,45,preprocessing ,44.181,,
dl-vta-roles,clipper,50,preprocessing ,56.439,,
dl-vta-roles,clipper,55,preprocessing ,74.042,,
dl-vta-roles,clipper,60,preprocessing ,90.313,,
dl-vta-roles,clipper,4,solving,0.046974,,
dl-vta-roles,clipper,5,solving,0.060039,,
dl-vta-roles,clipper,6,solving,0.0743131,,
dl-vta-roles,clipper,7,solving,0.0819057,,
dl-vta-roles,clipper,10,solving,0.141035,,
dl-vta-roles,clipper,15,solving,0.311241,,
dl-vta-roles,clipper,20,solving,0.569848,,
dl-vta-roles,clipper,25,solving,0.983518,,
dl-vta-roles,clipper,30,solving,1.53066,,
dl-vta-roles,clipper,35,solving,2.27959,,
dl-vta-roles,clipper,40,solving,3.31334,,
dl-vta-roles,clipper,45,solving,4.37857,,
dl-vta-roles,clipper,50,solving,5.87104,,
dl-vta-roles,clipper,55,solving,7.6815,,
dl-vta-roles,clipper,60,solving,9.70641,,
dl-tpsa,ekab,4,compilation,0.8467869759,,
dl-tpsa,ekab,5,compilation,0.8679049015,,
dl-tpsa,ekab,6,compilation,0.8357901573,,
dl-tpsa,ekab,7,compilation,0.8324599266,,
dl-tpsa,ekab,10,compilation,0.8303320408,,
dl-tpsa,ekab,15,compilation,0.8269109726,,
dl-tpsa,ekab,20,compilation,0.8345210552,,
dl-tpsa,ekab,25,compilation,0.8678050041,,
dl-tpsa,ekab,30,compilation,0.8151621819,,
dl-tpsa,ekab,35,compilation,0.8220729828,,
dl-tpsa,ekab,40,compilation,0.8293888569,,
dl-tpsa,ekab,45,compilation,0.8206789494,,
dl-tpsa,ekab,50,compilation,0.8360910416,,
dl-tpsa,ekab,55,compilation,0.8459260464,,
dl-tpsa,ekab,60,compilation,0.8212370873,,
dl-tpsa,ekab,4,preprocessing ,0.863,,
dl-tpsa,ekab,5,preprocessing ,1.17,,
dl-tpsa,ekab,6,preprocessing ,1.576,,
dl-tpsa,ekab,7,preprocessing ,2.087,,
dl-tpsa,ekab,10,preprocessing ,3.857,,
dl-tpsa,ekab,15,preprocessing ,9.281,,
dl-tpsa,ekab,20,preprocessing ,17.966,,
dl-tpsa,ekab,25,preprocessing ,31.115,,
dl-tpsa,ekab,30,preprocessing ,48.123,,
dl-tpsa,ekab,35,preprocessing ,71.96,,
dl-tpsa,ekab,40,preprocessing ,104.083,,
dl-tpsa,ekab,45,preprocessing ,144.53,,
dl-tpsa,ekab,50,preprocessing ,192.701,,
dl-tpsa,ekab,55,preprocessing ,460.039,,
dl-tpsa,ekab,60,preprocessing ,,,
dl-tpsa,ekab,4,solving,0.048635,,
dl-tpsa,ekab,5,solving,0.0616753,,
dl-tpsa,ekab,6,solving,0.084578,,
dl-tpsa,ekab,7,solving,0.112419,,
dl-tpsa,ekab,10,solving,0.202874,,
dl-tpsa,ekab,15,solving,0.616887,,
dl-tpsa,ekab,20,solving,1.17029,,
dl-tpsa,ekab,25,solving,2.11641,,
dl-tpsa,ekab,30,solving,3.57399,,
dl-tpsa,ekab,35,solving,5.45524,,
dl-tpsa,ekab,40,solving,7.7703,,
dl-tpsa,ekab,45,solving,11.2979,,
dl-tpsa,ekab,50,solving,14.6602,,
dl-tpsa,ekab,55,solving,19.3755,,
dl-tpsa,ekab,60,solving,,,
dl-tpsa,ekab+KR,4,compilation,3.396786976,,
dl-tpsa,ekab+KR,5,compilation,6.264904902,,
dl-tpsa,ekab+KR,6,compilation,10.61479016,,
dl-tpsa,ekab+KR,7,compilation,18.21145993,,
dl-tpsa,ekab+KR,10,compilation,88.36433204,,
dl-tpsa,ekab+KR,15,compilation,,,
dl-tpsa,ekab+KR,20,compilation,,,
dl-tpsa,ekab+KR,25,compilation,,,
dl-tpsa,ekab+KR,30,compilation,,,
dl-tpsa,ekab+KR,35,compilation,,,
dl-tpsa,ekab+KR,40,compilation,,,
dl-tpsa,ekab+KR,45,compilation,,,
dl-tpsa,ekab+KR,50,compilation,,,
dl-tpsa,ekab+KR,55,compilation,,,
dl-tpsa,ekab+KR,60,compilation,,,
dl-tpsa,ekab+KR,4,preprocessing ,0.865,,
dl-tpsa,ekab+KR,5,preprocessing ,2.685,,
dl-tpsa,ekab+KR,6,preprocessing ,1.625,,
dl-tpsa,ekab+KR,7,preprocessing ,2.125,,
dl-tpsa,ekab+KR,10,preprocessing ,4.628,,
dl-tpsa,ekab+KR,15,preprocessing ,,,
dl-tpsa,ekab+KR,20,preprocessing ,,,
dl-tpsa,ekab+KR,25,preprocessing ,,,
dl-tpsa,ekab+KR,30,preprocessing ,,,
dl-tpsa,ekab+KR,35,preprocessing ,,,
dl-tpsa,ekab+KR,40,preprocessing ,,,
dl-tpsa,ekab+KR,45,preprocessing ,,,
dl-tpsa,ekab+KR,50,preprocessing ,,,
dl-tpsa,ekab+KR,55,preprocessing ,,,
dl-tpsa,ekab+KR,60,preprocessing ,,,
dl-tpsa,ekab+KR,4,solving,0.0155001,,
dl-tpsa,ekab+KR,5,solving,0.0202123,,
dl-tpsa,ekab+KR,6,solving,0.0263813,,
dl-tpsa,ekab+KR,7,solving,0.0309157,,
dl-tpsa,ekab+KR,10,solving,0.05407,,
dl-tpsa,ekab+KR,15,solving,,,
dl-tpsa,ekab+KR,20,solving,,,
dl-tpsa,ekab+KR,25,solving,,,
dl-tpsa,ekab+KR,30,solving,,,
dl-tpsa,ekab+KR,35,solving,,,
dl-tpsa,ekab+KR,40,solving,,,
dl-tpsa,ekab+KR,45,solving,,,
dl-tpsa,ekab+KR,50,solving,,,
dl-tpsa,ekab+KR,55,solving,,,
dl-tpsa,ekab+KR,60,solving,,,
dl-tpsa,clipper,4,compilation,0.59,,
dl-tpsa,clipper,5,compilation,0.579,,
dl-tpsa,clipper,6,compilation,0.6,,
dl-tpsa,clipper,7,compilation,0.581,,
dl-tpsa,clipper,10,compilation,0.615,,
dl-tpsa,clipper,15,compilation,0.586,,
dl-tpsa,clipper,20,compilation,0.602,,
dl-tpsa,clipper,25,compilation,0.627,,
dl-tpsa,clipper,30,compilation,0.598,,
dl-tpsa,clipper,35,compilation,0.591,,
dl-tpsa,clipper,40,compilation,0.59,,
dl-tpsa,clipper,45,compilation,0.586,,
dl-tpsa,clipper,50,compilation,0.613,,
dl-tpsa,clipper,55,compilation,0.609,,
dl-tpsa,clipper,60,compilation,0.583,,
dl-tpsa,clipper,4,preprocessing ,0.132,,
dl-tpsa,clipper,5,preprocessing ,0.182,,
dl-tpsa,clipper,6,preprocessing ,0.233,,
dl-tpsa,clipper,7,preprocessing ,0.294,,
dl-tpsa,clipper,10,preprocessing ,0.574,,
dl-tpsa,clipper,15,preprocessing ,1.357,,
dl-tpsa,clipper,20,preprocessing ,2.664,,
dl-tpsa,clipper,25,preprocessing ,4.627,,
dl-tpsa,clipper,30,preprocessing ,7.461,,
dl-tpsa,clipper,35,preprocessing ,11.012,,
dl-tpsa,clipper,40,preprocessing ,15.649,,
dl-tpsa,clipper,45,preprocessing ,21.57,,
dl-tpsa,clipper,50,preprocessing ,28.399,,
dl-tpsa,clipper,55,preprocessing ,37.483,,
dl-tpsa,clipper,60,preprocessing ,46.515,,
dl-tpsa,clipper,4,solving,0.00899753,,
dl-tpsa,clipper,5,solving,0.012611,,
dl-tpsa,clipper,6,solving,0.0146025,,
dl-tpsa,clipper,7,solving,0.0181087,,
dl-tpsa,clipper,10,solving,0.0306855,,
dl-tpsa,clipper,15,solving,0.0671761,,
dl-tpsa,clipper,20,solving,0.128475,,
dl-tpsa,clipper,25,solving,0.227851,,
dl-tpsa,clipper,30,solving,0.36689,,
dl-tpsa,clipper,35,solving,0.575071,,
dl-tpsa,clipper,40,solving,0.841365,,
dl-tpsa,clipper,45,solving,1.24657,,
dl-tpsa,clipper,50,solving,1.63806,,
dl-tpsa,clipper,55,solving,2.09509,,
dl-tpsa,clipper,60,solving,2.69674,,
dl-robotConj,clipper,3,compilation,0.579,,
dl-robotConj,clipper,4,compilation,0.764,,
dl-robotConj,clipper,5,compilation,0.616,,
dl-robotConj,clipper,6,compilation,0.614,,
dl-robotConj,clipper,7,compilation,0.631,,
dl-robotConj,clipper,8,compilation,0.635,,
dl-robotConj,clipper,9,compilation,0.711,,
dl-robotConj,clipper,10,compilation,0.732,,
dl-robotConj,clipper,11,compilation,0.672,,
dl-robotConj,clipper,12,compilation,0.779,,
dl-robotConj,clipper,13,compilation,0.786,,
dl-robotConj,clipper,14,compilation,0.83,,
dl-robotConj,clipper,15,compilation,0.813,,
dl-robotConj,clipper,16,compilation,0.732,,
dl-robotConj,clipper,17,compilation,0.777,,
dl-robotConj,clipper,18,compilation,0.86,,
dl-robotConj,clipper,19,compilation,0.9,,
dl-robotConj,clipper,20,compilation,0.796,,
dl-robotConj,clipper,21,compilation,0.813,,
dl-robotConj,clipper,22,compilation,0.832,,
dl-robotConj,clipper,3,preprocessing ,0.015,,
dl-robotConj,clipper,4,preprocessing ,0.021,,
dl-robotConj,clipper,5,preprocessing ,0.032,,
dl-robotConj,clipper,6,preprocessing ,0.042,,
dl-robotConj,clipper,7,preprocessing ,0.054,,
dl-robotConj,clipper,8,preprocessing ,0.068,,
dl-robotConj,clipper,9,preprocessing ,0.083,,
dl-robotConj,clipper,10,preprocessing ,0.103,,
dl-robotConj,clipper,11,preprocessing ,0.124,,
dl-robotConj,clipper,12,preprocessing ,0.145,,
dl-robotConj,clipper,13,preprocessing ,0.17,,
dl-robotConj,clipper,14,preprocessing ,0.146,,
dl-robotConj,clipper,15,preprocessing ,0.225,,
dl-robotConj,clipper,16,preprocessing ,0.262,,
dl-robotConj,clipper,17,preprocessing ,0.211,,
dl-robotConj,clipper,18,preprocessing ,0.251,,
dl-robotConj,clipper,19,preprocessing ,0.396,,
dl-robotConj,clipper,20,preprocessing ,0.298,,
dl-robotConj,clipper,21,preprocessing ,0.457,,
dl-robotConj,clipper,22,preprocessing ,0.455,,
dl-robotConj,clipper,3,solving,0.00304317,,
dl-robotConj,clipper,4,solving,0.00342387,,
dl-robotConj,clipper,5,solving,0.00369834,,
dl-robotConj,clipper,6,solving,0.0041338,,
dl-robotConj,clipper,7,solving,0.0044591,,
dl-robotConj,clipper,8,solving,0.00527922,,
dl-robotConj,clipper,9,solving,0.00605641,,
dl-robotConj,clipper,10,solving,0.00703243,,
dl-robotConj,clipper,11,solving,0.00846246,,
dl-robotConj,clipper,12,solving,0.0101215,,
dl-robotConj,clipper,13,solving,0.0117956,,
dl-robotConj,clipper,14,solving,0.0137249,,
dl-robotConj,clipper,15,solving,0.0161591,,
dl-robotConj,clipper,16,solving,0.021085,,
dl-robotConj,clipper,17,solving,0.0231132,,
dl-robotConj,clipper,18,solving,0.0268813,,
dl-robotConj,clipper,19,solving,0.0289714,,
dl-robotConj,clipper,20,solving,0.0332822,,
dl-robotConj,clipper,21,solving,0.0397562,,
dl-robotConj,clipper,22,solving,0.0445443,,
dl-drones,clipper,5-5,compilation,0.653,,
dl-drones,clipper,5-6,compilation,0.673,,
dl-drones,clipper,5-7,compilation,0.647,,
dl-drones,clipper,5-8,compilation,0.735,,
dl-drones,clipper,6-5,compilation,0.656,,
dl-drones,clipper,6-6,compilation,0.639,,
dl-drones,clipper,6-7,compilation,0.739,,
dl-drones,clipper,6-8,compilation,0.654,,
dl-drones,clipper,7-5,compilation,0.748,,
dl-drones,clipper,7-6,compilation,0.774,,
dl-drones,clipper,7-7,compilation,0.752,,
dl-drones,clipper,7-8,compilation,0.717,,
dl-drones,clipper,8-5,compilation,0.752,,
dl-drones,clipper,8-6,compilation,0.652,,
dl-drones,clipper,8-7,compilation,0.744,,
dl-drones,clipper,8-8,compilation,0.661,,
dl-drones,clipper,9-5,compilation,0.645,,
dl-drones,clipper,9-6,compilation,0.673,,
dl-drones,clipper,9-7,compilation,0.688,,
dl-drones,clipper,9-8,compilation,0.688,,
dl-drones,clipper,10-5,compilation,0.669,,
dl-drones,clipper,10-6,compilation,0.664,,
dl-drones,clipper,10-7,compilation,0.693,,
dl-drones,clipper,10-8,compilation,0.754,,
dl-drones,clipper,5-5,preprocessing ,0.311,,
dl-drones,clipper,5-6,preprocessing ,0.31,,
dl-drones,clipper,5-7,preprocessing ,0.307,,
dl-drones,clipper,5-8,preprocessing ,0.253,,
dl-drones,clipper,6-5,preprocessing ,0.534,,
dl-drones,clipper,6-6,preprocessing ,0.533,,
dl-drones,clipper,6-7,preprocessing ,0.535,,
dl-drones,clipper,6-8,preprocessing ,0.361,,
dl-drones,clipper,7-5,preprocessing ,0.886,,
dl-drones,clipper,7-6,preprocessing ,0.893,,
dl-drones,clipper,7-7,preprocessing ,0.892,,
dl-drones,clipper,7-8,preprocessing ,0.535,,
dl-drones,clipper,8-5,preprocessing ,1.367,,
dl-drones,clipper,8-6,preprocessing ,1.359,,
dl-drones,clipper,8-7,preprocessing ,1.376,,
dl-drones,clipper,8-8,preprocessing ,0.754,,
dl-drones,clipper,9-5,preprocessing ,2.073,,
dl-drones,clipper,9-6,preprocessing ,2.063,,
dl-drones,clipper,9-7,preprocessing ,2.08,,
dl-drones,clipper,9-8,preprocessing ,0.986,,
dl-drones,clipper,10-5,preprocessing ,2.897,,
dl-drones,clipper,10-6,preprocessing ,2.89,,
dl-drones,clipper,10-7,preprocessing ,2.894,,
dl-drones,clipper,10-8,preprocessing ,1.309,,
dl-drones,clipper,5-5,solving,0.535214,,
dl-drones,clipper,5-6,solving,4.04855,,
dl-drones,clipper,5-7,solving,51.0658,,
dl-drones,clipper,5-8,solving,188.889,,
dl-drones,clipper,6-5,solving,1.0918,,
dl-drones,clipper,6-6,solving,5.69076,,
dl-drones,clipper,6-7,solving,43.4341,,
dl-drones,clipper,6-8,solving,,,
dl-drones,clipper,7-5,solving,1.48603,,
dl-drones,clipper,7-6,solving,12.6568,,
dl-drones,clipper,7-7,solving,73.1062,,
dl-drones,clipper,7-8,solving,,,
dl-drones,clipper,8-5,solving,2.32724,,
dl-drones,clipper,8-6,solving,33.2351,,
dl-drones,clipper,8-7,solving,228.043,,
dl-drones,clipper,8-8,solving,494.874,,
dl-drones,clipper,9-5,solving,1.98998,,
dl-drones,clipper,9-6,solving,14.783,,
dl-drones,clipper,9-7,solving,206.096,,
dl-drones,clipper,9-8,solving,,,
dl-drones,clipper,10-5,solving,10.0017,,
dl-drones,clipper,10-6,solving,77.034,,
dl-drones,clipper,10-7,solving,552.856,,
dl-drones,clipper,10-8,solving,,,
dl-queens,clipper,5-1,compilation,0.967,,
dl-queens,clipper,5-2,compilation,0.756,,
dl-queens,clipper,5-3,compilation,0.702,,
dl-queens,clipper,5-4,compilation,0.659,,
dl-queens,clipper,5-5,compilation,0.637,,
dl-queens,clipper,6-2,compilation,0.641,,
dl-queens,clipper,6-3,compilation,0.635,,
dl-queens,clipper,6-4,compilation,0.753,,
dl-queens,clipper,6-5,compilation,0.637,,
dl-queens,clipper,6-6,compilation,0.624,,
dl-queens,clipper,7-3,compilation,0.675,,
dl-queens,clipper,7-4,compilation,0.633,,
dl-queens,clipper,7-5,compilation,0.65,,
dl-queens,clipper,7-6,compilation,0.636,,
dl-queens,clipper,7-7,compilation,0.651,,
dl-queens,clipper,8-4,compilation,0.714,,
dl-queens,clipper,8-5,compilation,0.678,,
dl-queens,clipper,8-6,compilation,0.724,,
dl-queens,clipper,8-7,compilation,0.75,,
dl-queens,clipper,8-8,compilation,0.682,,
dl-queens,clipper,9-5,compilation,0.645,,
dl-queens,clipper,9-6,compilation,0.629,,
dl-queens,clipper,9-7,compilation,0.729,,
dl-queens,clipper,9-8,compilation,0.763,,
dl-queens,clipper,9-9,compilation,0.632,,
dl-queens,clipper,10-6,compilation,0.673,,
dl-queens,clipper,10-7,compilation,0.651,,
dl-queens,clipper,10-8,compilation,0.666,,
dl-queens,clipper,10-9,compilation,0.799,,
dl-queens,clipper,10-10,compilation,0.687,,
dl-queens,clipper,5-1,preprocessing ,0.805,,
dl-queens,clipper,5-2,preprocessing ,0.812,,
dl-queens,clipper,5-3,preprocessing ,0.79,,
dl-queens,clipper,5-4,preprocessing ,0.771,,
dl-queens,clipper,5-5,preprocessing ,0.773,,
dl-queens,clipper,6-2,preprocessing ,1.729,,
dl-queens,clipper,6-3,preprocessing ,1.728,,
dl-queens,clipper,6-4,preprocessing ,1.737,,
dl-queens,clipper,6-5,preprocessing ,1.831,,
dl-queens,clipper,6-6,preprocessing ,1.73,,
dl-queens,clipper,7-3,preprocessing ,3.374,,
dl-queens,clipper,7-4,preprocessing ,3.335,,
dl-queens,clipper,7-5,preprocessing ,3.37,,
dl-queens,clipper,7-6,preprocessing ,3.464,,
dl-queens,clipper,7-7,preprocessing ,3.392,,
dl-queens,clipper,8-4,preprocessing ,5.915,,
dl-queens,clipper,8-5,preprocessing ,6.247,,
dl-queens,clipper,8-6,preprocessing ,5.951,,
dl-queens,clipper,8-7,preprocessing ,5.971,,
dl-queens,clipper,8-8,preprocessing ,6.146,,
dl-queens,clipper,9-5,preprocessing ,9.974,,
dl-queens,clipper,9-6,preprocessing ,10.047,,
dl-queens,clipper,9-7,preprocessing ,10.055,,
dl-queens,clipper,9-8,preprocessing ,10.036,,
dl-queens,clipper,9-9,preprocessing ,9.692,,
dl-queens,clipper,10-6,preprocessing ,15.076,,
dl-queens,clipper,10-7,preprocessing ,15.071,,
dl-queens,clipper,10-8,preprocessing ,15.151,,
dl-queens,clipper,10-9,preprocessing ,15.087,,
dl-queens,clipper,10-10,preprocessing ,15.168,,
dl-queens,clipper,5-1,solving,0.0286399,,
dl-queens,clipper,5-2,solving,0.0339775,,
dl-queens,clipper,5-3,solving,0.12787,,
dl-queens,clipper,5-4,solving,0.169747,,
dl-queens,clipper,5-5,solving,4.71256,,
dl-queens,clipper,6-2,solving,0.0716824,,
dl-queens,clipper,6-3,solving,0.0825193,,
dl-queens,clipper,6-4,solving,3.75792,,
dl-queens,clipper,6-5,solving,27.2818,,
dl-queens,clipper,6-6,solving,,,
dl-queens,clipper,7-3,solving,1.29899,,
dl-queens,clipper,7-4,solving,0.592928,,
dl-queens,clipper,7-5,solving,3.87354,,
dl-queens,clipper,7-6,solving,,,
dl-queens,clipper,7-7,solving,,,
dl-queens,clipper,8-4,solving,7.8304,,
dl-queens,clipper,8-5,solving,205.174,,
dl-queens,clipper,8-6,solving,,,
dl-queens,clipper,8-7,solving,,,
dl-queens,clipper,8-8,solving,,,
dl-queens,clipper,9-5,solving,26.7308,,
dl-queens,clipper,9-6,solving,,,
dl-queens,clipper,9-7,solving,,,
dl-queens,clipper,9-8,solving,,,
dl-queens,clipper,9-9,solving,,,
dl-queens,clipper,10-6,solving,,,
dl-queens,clipper,10-7,solving,,,
dl-queens,clipper,10-8,solving,,,
dl-queens,clipper,10-9,solving,,,
dl-queens,clipper,10-10,solving,,,